Class,Support,Threshold,TP,FP,FN,Precision,Recall,F1
AttributeError,22,0.1,16,306,6,0.0497,0.7273,0.093
AttributeError,22,0.15,13,45,9,0.2241,0.5909,0.325
AttributeError,22,0.2,12,26,10,0.3158,0.5455,0.4
AttributeError,22,0.25,10,18,12,0.3571,0.4545,0.4
AttributeError,22,0.3,7,13,15,0.35,0.3182,0.3333
AttributeError,22,0.35,5,9,17,0.3571,0.2273,0.2778
AttributeError,22,0.4,3,7,19,0.3,0.1364,0.1875
AttributeError,22,0.45,2,7,20,0.2222,0.0909,0.129
AttributeError,22,0.5,2,3,20,0.4,0.0909,0.1481
AttributeError,22,0.55,0,0,22,0.0,0.0,0.0
AttributeError,22,0.6,0,0,22,0.0,0.0,0.0
AttributeError,22,0.65,0,0,22,0.0,0.0,0.0
AttributeError,22,0.7,0,0,22,0.0,0.0,0.0
AttributeError,22,0.75,0,0,22,0.0,0.0,0.0
AttributeError,22,0.8,0,0,22,0.0,0.0,0.0
AttributeError,22,0.85,0,0,22,0.0,0.0,0.0
AttributeError,22,0.9,0,0,22,0.0,0.0,0.0
EOFError,53,0.1,45,474,8,0.0867,0.8491,0.1573
EOFError,53,0.15,42,111,11,0.2745,0.7925,0.4078
EOFError,53,0.2,36,44,17,0.45,0.6792,0.5414
EOFError,53,0.25,33,25,20,0.569,0.6226,0.5946
EOFError,53,0.3,29,11,24,0.725,0.5472,0.6237
EOFError,53,0.35,27,2,26,0.931,0.5094,0.6585
EOFError,53,0.4,21,2,32,0.913,0.3962,0.5526
EOFError,53,0.45,21,2,32,0.913,0.3962,0.5526
EOFError,53,0.5,17,1,36,0.9444,0.3208,0.4789
EOFError,53,0.55,10,1,43,0.9091,0.1887,0.3125
EOFError,53,0.6,6,1,47,0.8571,0.1132,0.2
EOFError,53,0.65,2,0,51,1.0,0.0377,0.0727
EOFError,53,0.7,0,0,53,0.0,0.0,0.0
EOFError,53,0.75,0,0,53,0.0,0.0,0.0
EOFError,53,0.8,0,0,53,0.0,0.0,0.0
EOFError,53,0.85,0,0,53,0.0,0.0,0.0
EOFError,53,0.9,0,0,53,0.0,0.0,0.0
IndexError,74,0.1,68,528,6,0.1141,0.9189,0.203
IndexError,74,0.15,62,151,12,0.2911,0.8378,0.4321
IndexError,74,0.2,51,66,23,0.4359,0.6892,0.534
IndexError,74,0.25,50,43,24,0.5376,0.6757,0.5988
IndexError,74,0.3,45,32,29,0.5844,0.6081,0.596
IndexError,74,0.35,41,24,33,0.6308,0.5541,0.5899
IndexError,74,0.4,33,13,41,0.7174,0.4459,0.55
IndexError,74,0.45,25,8,49,0.7576,0.3378,0.4673
IndexError,74,0.5,15,3,59,0.8333,0.2027,0.3261
IndexError,74,0.55,11,1,63,0.9167,0.1486,0.2558
IndexError,74,0.6,9,0,65,1.0,0.1216,0.2169
IndexError,74,0.65,5,0,69,1.0,0.0676,0.1266
IndexError,74,0.7,3,0,71,1.0,0.0405,0.0779
IndexError,74,0.75,0,0,74,0.0,0.0,0.0
IndexError,74,0.8,0,0,74,0.0,0.0,0.0
IndexError,74,0.85,0,0,74,0.0,0.0,0.0
IndexError,74,0.9,0,0,74,0.0,0.0,0.0
KeyError,72,0.1,67,330,5,0.1688,0.9306,0.2857
KeyError,72,0.15,64,134,8,0.3232,0.8889,0.4741
KeyError,72,0.2,63,76,9,0.4532,0.875,0.5972
KeyError,72,0.25,59,51,13,0.5364,0.8194,0.6484
KeyError,72,0.3,55,36,17,0.6044,0.7639,0.6748
KeyError,72,0.35,49,25,23,0.6622,0.6806,0.6712
KeyError,72,0.4,46,19,26,0.7077,0.6389,0.6715
KeyError,72,0.45,41,9,31,0.82,0.5694,0.6721
KeyError,72,0.5,23,4,49,0.8519,0.3194,0.4646
KeyError,72,0.55,13,1,59,0.9286,0.1806,0.3023
KeyError,72,0.6,5,1,67,0.8333,0.0694,0.1282
KeyError,72,0.65,1,1,71,0.5,0.0139,0.027
KeyError,72,0.7,1,0,71,1.0,0.0139,0.0274
KeyError,72,0.75,1,0,71,1.0,0.0139,0.0274
KeyError,72,0.8,1,0,71,1.0,0.0139,0.0274
KeyError,72,0.85,0,0,72,0.0,0.0,0.0
KeyError,72,0.9,0,0,72,0.0,0.0,0.0
NameError,485,0.1,425,2936,60,0.1265,0.8763,0.221
NameError,485,0.15,325,729,160,0.3083,0.6701,0.4224
NameError,485,0.2,270,292,215,0.4804,0.5567,0.5158
NameError,485,0.25,229,144,256,0.6139,0.4722,0.5338
NameError,485,0.3,181,85,304,0.6805,0.3732,0.482
NameError,485,0.35,135,40,350,0.7714,0.2784,0.4091
NameError,485,0.4,97,21,388,0.822,0.2,0.3217
NameError,485,0.45,67,12,418,0.8481,0.1381,0.2376
NameError,485,0.5,36,3,449,0.9231,0.0742,0.1374
NameError,485,0.55,24,1,461,0.96,0.0495,0.0941
NameError,485,0.6,13,0,472,1.0,0.0268,0.0522
NameError,485,0.65,8,0,477,1.0,0.0165,0.0325
NameError,485,0.7,2,0,483,1.0,0.0041,0.0082
NameError,485,0.75,0,0,485,0.0,0.0,0.0
NameError,485,0.8,0,0,485,0.0,0.0,0.0
NameError,485,0.85,0,0,485,0.0,0.0,0.0
NameError,485,0.9,0,0,485,0.0,0.0,0.0
No error,5848,0.1,5789,1004,59,0.8522,0.9899,0.9159
No error,5848,0.15,5646,730,202,0.8855,0.9655,0.9238
No error,5848,0.2,5325,493,523,0.9153,0.9106,0.9129
No error,5848,0.25,4874,326,974,0.9373,0.8334,0.8823
No error,5848,0.3,4337,221,1511,0.9515,0.7416,0.8336
No error,5848,0.35,3633,155,2215,0.9591,0.6212,0.754
No error,5848,0.4,2940,93,2908,0.9693,0.5027,0.6621
No error,5848,0.45,2213,56,3635,0.9753,0.3784,0.5453
No error,5848,0.5,1570,39,4278,0.9758,0.2685,0.4211
No error,5848,0.55,1019,17,4829,0.9836,0.1742,0.296
No error,5848,0.6,579,7,5269,0.9881,0.099,0.18
No error,5848,0.65,272,3,5576,0.9891,0.0465,0.0888
No error,5848,0.7,108,0,5740,1.0,0.0185,0.0363
No error,5848,0.75,40,0,5808,1.0,0.0068,0.0136
No error,5848,0.8,10,0,5838,1.0,0.0017,0.0034
No error,5848,0.85,0,0,5848,0.0,0.0,0.0
No error,5848,0.9,0,0,5848,0.0,0.0,0.0
RecursionError,47,0.1,45,406,2,0.0998,0.9574,0.1807
RecursionError,47,0.15,45,162,2,0.2174,0.9574,0.3543
RecursionError,47,0.2,44,80,3,0.3548,0.9362,0.5146
RecursionError,47,0.25,40,40,7,0.5,0.8511,0.6299
RecursionError,47,0.3,31,22,16,0.5849,0.6596,0.62
RecursionError,47,0.35,29,11,18,0.725,0.617,0.6667
RecursionError,47,0.4,24,6,23,0.8,0.5106,0.6234
RecursionError,47,0.45,15,2,32,0.8824,0.3191,0.4688
RecursionError,47,0.5,7,2,40,0.7778,0.1489,0.25
RecursionError,47,0.55,2,1,45,0.6667,0.0426,0.08
RecursionError,47,0.6,1,1,46,0.5,0.0213,0.0408
RecursionError,47,0.65,0,1,47,0.0,0.0,0.0
RecursionError,47,0.7,0,1,47,0.0,0.0,0.0
RecursionError,47,0.75,0,1,47,0.0,0.0,0.0
RecursionError,47,0.8,0,0,47,0.0,0.0,0.0
RecursionError,47,0.85,0,0,47,0.0,0.0,0.0
RecursionError,47,0.9,0,0,47,0.0,0.0,0.0
TypeError,387,0.1,334,2336,53,0.1251,0.863,0.2185
TypeError,387,0.15,278,717,109,0.2794,0.7183,0.4023
TypeError,387,0.2,228,300,159,0.4318,0.5891,0.4984
TypeError,387,0.25,190,152,197,0.5556,0.491,0.5213
TypeError,387,0.3,135,87,252,0.6081,0.3488,0.4433
TypeError,387,0.35,83,46,304,0.6434,0.2145,0.3217
TypeError,387,0.4,47,25,340,0.6528,0.1214,0.2048
TypeError,387,0.45,34,16,353,0.68,0.0879,0.1556
TypeError,387,0.5,17,8,370,0.68,0.0439,0.0825
TypeError,387,0.55,9,3,378,0.75,0.0233,0.0451
TypeError,387,0.6,4,2,383,0.6667,0.0103,0.0204
TypeError,387,0.65,3,1,384,0.75,0.0078,0.0153
TypeError,387,0.7,1,0,386,1.0,0.0026,0.0052
TypeError,387,0.75,0,0,387,0.0,0.0,0.0
TypeError,387,0.8,0,0,387,0.0,0.0,0.0
TypeError,387,0.85,0,0,387,0.0,0.0,0.0
TypeError,387,0.9,0,0,387,0.0,0.0,0.0
UnboundLocalError,93,0.1,76,784,17,0.0884,0.8172,0.1595
UnboundLocalError,93,0.15,70,260,23,0.2121,0.7527,0.331
UnboundLocalError,93,0.2,63,117,30,0.35,0.6774,0.4615
UnboundLocalError,93,0.25,58,77,35,0.4296,0.6237,0.5088
UnboundLocalError,93,0.3,51,51,42,0.5,0.5484,0.5231
UnboundLocalError,93,0.35,41,33,52,0.5541,0.4409,0.491
UnboundLocalError,93,0.4,28,15,65,0.6512,0.3011,0.4118
UnboundLocalError,93,0.45,16,9,77,0.64,0.172,0.2712
UnboundLocalError,93,0.5,9,4,84,0.6923,0.0968,0.1698
UnboundLocalError,93,0.55,4,1,89,0.8,0.043,0.0816
UnboundLocalError,93,0.6,1,0,92,1.0,0.0108,0.0213
UnboundLocalError,93,0.65,1,0,92,1.0,0.0108,0.0213
UnboundLocalError,93,0.7,1,0,92,1.0,0.0108,0.0213
UnboundLocalError,93,0.75,1,0,92,1.0,0.0108,0.0213
UnboundLocalError,93,0.8,1,0,92,1.0,0.0108,0.0213
UnboundLocalError,93,0.85,1,0,92,1.0,0.0108,0.0213
UnboundLocalError,93,0.9,0,0,93,0.0,0.0,0.0
ValueError,36,0.1,28,402,8,0.0651,0.7778,0.1202
ValueError,36,0.15,21,87,15,0.1944,0.5833,0.2917
ValueError,36,0.2,20,40,16,0.3333,0.5556,0.4167
ValueError,36,0.25,20,20,16,0.5,0.5556,0.5263
ValueError,36,0.3,18,12,18,0.6,0.5,0.5455
ValueError,36,0.35,17,8,19,0.68,0.4722,0.5574
ValueError,36,0.4,17,7,19,0.7083,0.4722,0.5667
ValueError,36,0.45,10,2,26,0.8333,0.2778,0.4167
ValueError,36,0.5,8,1,28,0.8889,0.2222,0.3556
ValueError,36,0.55,4,1,32,0.8,0.1111,0.1951
ValueError,36,0.6,3,0,33,1.0,0.0833,0.1538
ValueError,36,0.65,2,0,34,1.0,0.0556,0.1053
ValueError,36,0.7,0,0,36,0.0,0.0,0.0
ValueError,36,0.75,0,0,36,0.0,0.0,0.0
ValueError,36,0.8,0,0,36,0.0,0.0,0.0
ValueError,36,0.85,0,0,36,0.0,0.0,0.0
ValueError,36,0.9,0,0,36,0.0,0.0,0.0
